Datetime,Water Level (m)
2026-01-28 12:00:00,0.64881724
2026-01-28 13:00:00,0.6640015
2026-01-28 14:00:00,0.48062274
2026-01-28 15:00:00,0.1658041
2026-01-28 16:00:00,-0.2488508
2026-01-28 17:00:00,-0.65878385
2026-01-28 18:00:00,-0.9788964
2026-01-28 19:00:00,-1.1626151
2026-01-28 20:00:00,-1.1027156
2026-01-28 21:00:00,-0.8173275
2026-01-28 22:00:00,-0.47567317
2026-01-28 23:00:00,-0.17013468
2026-01-29 00:00:00,0.052113045
2026-01-29 01:00:00,0.15272155
2026-01-29 02:00:00,0.10027583
2026-01-29 03:00:00,-0.10694515
2026-01-29 04:00:00,-0.4299672
2026-01-29 05:00:00,-0.8400177
2026-01-29 06:00:00,-1.1945009
2026-01-29 07:00:00,-1.4035629
2026-01-29 08:00:00,-1.3321011
2026-01-29 09:00:00,-0.9242876
2026-01-29 10:00:00,-0.4173077
2026-01-29 11:00:00,0.06383949
2026-01-29 12:00:00,0.50148416
2026-01-29 13:00:00,0.7693044
2026-01-29 14:00:00,0.8281896
2026-01-29 15:00:00,0.6629153
2026-01-29 16:00:00,0.31103894
2026-01-29 17:00:00,-0.13962175
2026-01-29 18:00:00,-0.6513082
2026-01-29 19:00:00,-1.0816438
2026-01-29 20:00:00,-1.3856478
2026-01-29 21:00:00,-1.4359628
2026-01-29 22:00:00,-1.1260163
2026-01-29 23:00:00,-0.6613252
2026-01-30 00:00:00,-0.21224047
2026-01-30 01:00:00,0.1394861
2026-01-30 02:00:00,0.31108952
2026-01-30 03:00:00,0.26752475
2026-01-30 04:00:00,0.032172218
2026-01-30 05:00:00,-0.3551378
2026-01-30 06:00:00,-0.8398797
2026-01-30 07:00:00,-1.2773888
2026-01-30 08:00:00,-1.5482444
2026-01-30 09:00:00,-1.5176663
2026-01-30 10:00:00,-1.0813978
2026-01-30 11:00:00,-0.48085687
2026-01-30 12:00:00,0.08113109
2026-01-30 13:00:00,0.6033758
2026-01-30 14:00:00,0.928253
2026-01-30 15:00:00,1.016098
2026-01-30 16:00:00,0.8210076
2026-01-30 17:00:00,0.38099945
2026-01-30 18:00:00,-0.19648005
2026-01-30 19:00:00,-0.81812567
2026-01-30 20:00:00,-1.304651
2026-01-30 21:00:00,-1.6446424
2026-01-30 22:00:00,-1.6900588
2026-01-30 23:00:00,-1.2687835
2026-01-31 00:00:00,-0.63251436
2026-01-31 01:00:00,-0.075585015
2026-01-31 02:00:00,0.3156445
2026-01-31 03:00:00,0.48434553
2026-01-31 04:00:00,0.41807854
2026-01-31 05:00:00,0.113644384
2026-01-31 06:00:00,-0.35130882
2026-01-31 07:00:00,-0.9049474
2026-01-31 08:00:00,-1.3841823
2026-01-31 09:00:00,-1.6844865
2026-01-31 10:00:00,-1.654892
2026-01-31 11:00:00,-1.155514
2026-01-31 12:00:00,-0.4246865
2026-01-31 13:00:00,0.25146994
2026-01-31 14:00:00,0.83419085
2026-01-31 15:00:00,1.1428676
2026-01-31 16:00:00,1.1677282
2026-01-31 17:00:00,0.8759623
2026-01-31 18:00:00,0.32513368
2026-01-31 19:00:00,-0.37164
2026-01-31 20:00:00,-1.0178986
2026-01-31 21:00:00,-1.505205
2026-01-31 22:00:00,-1.8193233
2026-01-31 23:00:00,-1.7814204
2026-02-01 00:00:00,-1.1908542
2026-02-01 01:00:00,-0.4364344
2026-02-01 02:00:00,0.17082563
2026-02-01 03:00:00,0.57822794
2026-02-01 04:00:00,0.71584076
2026-02-01 05:00:00,0.5711477
2026-02-01 06:00:00,0.14666103
2026-02-01 07:00:00,-0.4228385
2026-02-01 08:00:00,-1.0333694
2026-02-01 09:00:00,-1.5201029
2026-02-01 10:00:00,-1.8121109
2026-02-01 11:00:00,-1.7011616
2026-02-01 12:00:00,-1.0628142
2026-02-01 13:00:00,-0.24089709
2026-02-01 14:00:00,0.4881558
2026-02-01 15:00:00,1.0525454
2026-02-01 16:00:00,1.3111119
2026-02-01 17:00:00,1.2374924
2026-02-01 18:00:00,0.79706424
2026-02-01 19:00:00,0.13923022
2026-02-01 20:00:00,-0.6200296
2026-02-01 21:00:00,-1.2332441
2026-02-01 22:00:00,-1.6949201
2026-02-01 23:00:00,-1.9478732
2026-02-02 00:00:00,-1.7300858
2026-02-02 01:00:00,-0.9599362
2026-02-02 02:00:00,-0.123889506
2026-02-02 03:00:00,0.4781057
2026-02-02 04:00:00,0.8201053
2026-02-02 05:00:00,0.85749704
2026-02-02 06:00:00,0.58405876
2026-02-02 07:00:00,0.052473087
2026-02-02 08:00:00,-0.57856846
2026-02-02 09:00:00,-1.1818327
2026-02-02 10:00:00,-1.6348753
2026-02-02 11:00:00,-1.8552438
2026-02-02 12:00:00,-1.6195235
2026-02-02 13:00:00,-0.85526955
2026-02-02 14:00:00,0.020651236
2026-02-02 15:00:00,0.77126724
2026-02-02 16:00:00,1.2611159
2026-02-02 17:00:00,1.4008728
2026-02-02 18:00:00,1.1665891
2026-02-02 19:00:00,0.5711159
2026-02-02 20:00:00,-0.14821063
2026-02-02 21:00:00,-0.89067894
2026-02-02 22:00:00,-1.437341
2026-02-02 23:00:00,-1.8467778
2026-02-03 00:00:00,-1.9857765
2026-02-03 01:00:00,-1.4116158
2026-02-03 02:00:00,-0.55117184
2026-02-03 03:00:00,0.20098269
2026-02-03 04:00:00,0.7384664
2026-02-03 05:00:00,0.9645175
2026-02-03 06:00:00,0.8813986
2026-02-03 07:00:00,0.477713
2026-02-03 08:00:00,-0.10860314
2026-02-03 09:00:00,-0.77326804
2026-02-03 10:00:00,-1.32953
2026-02-03 11:00:00,-1.7354224
2026-02-03 12:00:00,-1.8632386
